BO Iteration,Selected SMILES,f1,f2,f3
0,COc1ccc(CC(=O)Oc2ccc(C(C)C)cc2)cc1S(=O)(=O)N1CCOCC1,0.7342556602841444,0.25919117647058826,1.0
1,Cc1cc(COc2ccc(S(=O)(=O)NCC(C(=O)NO)N3CCN(C(=O)C(C)C)CC3)cc2)c2ccccc2n1,1.0,0.24453219927095993,1.0
2,COc1ccc(S(=O)(=O)N(Cc2ccc3c(c2)OCO3)C(CCC(=O)N2CCN(C)CC2)C(=O)NO)cc1,1.0,0.24746906636670418,1.0
3,COc1ccc(S(=O)(=O)N(C)CC(=O)N2CCN(c3ccccc3)CC2)cc1,0.13971816395762224,0.2668759811616955,1.0
4,COc1ccc(NC(=O)COC(=O)CNS(=O)(=O)c2ccc(C)cc2)c(OC)c1,1.0,0.15328467153284672,1.0
5,COc1ccc(CC(=O)OCC(=O)Nc2cc(S(=O)(=O)N3CCOCC3)ccc2N2CCCC2)cc1,1.0,0.21616541353383456,1.0
6,Cc1ccc(S(=O)(=O)N2CCC(C(=O)OCC(=O)NC(C)c3ccc(F)cc3)CC2)cc1C,1.0,0.24964336661911554,1.0
7,Cc1ccc(C)c(NC(=O)COC(=O)c2ccc(S(=O)(=O)N3CCCC3)cc2)c1,1.0,0.19473293768545993,1.0
8,COc1ccc(S(=O)(=O)N2CCC(C(=O)NC(C)C(=O)N3CCCC3)CC2)cc1,1.0,0.18403790087463556,1.0
9,COc1ccc(CCNC(=O)C2CCN(C(=O)c3ccc([N+](=O)[O-])cc3)CC2)cc1,1.0,0.3075079872204473,1.0
10,COc1ccc(CNC(=O)C2CCN(Cc3nc(-c4ccc(OC)c(OC)c4)oc3C)CC2)cc1,0.9253178304503277,0.2982954545454546,0.9793630141607127
11,COC(=O)C1(CNC(=O)c2cc(OC)cc(OC)c2)CCN(Cc2ccc(OC)cc2)CC1,0.934873082078144,0.25478796169630646,1.0
12,COc1ccc(C(CNC(=O)COc2ccc(Cl)c(C)c2)N2CCCCC2)cc1,0.00046049894189605095,0.31446540880503143,0.9306203202186483
13,COc1cc(C(=O)N2CCC(C(=O)Nc3cccc(C(C)=O)c3)CC2)cc(OC)c1OC,1.0,0.2582496413199426,1.0
14,COc1ccc(S(=O)(=O)N2CCN(Cc3cc(OC)c(OC)cc3OC)CC2)cc1,0.460124580036261,0.23540145985401462,1.0
15,CCc1ccc(NC(=O)C2CCN(S(=O)(=O)c3c(C)nc(O)nc3O)CC2)cc1,1.0,0.21418020679468242,1.0
16,COC1CCN(S(=O)(=O)c2ccc(CNC(=O)c3cnc4[nH]ncc4c3)cc2)CC1,1.0,0.1925872093023256,1.0
17,Cc1ccc(CNC(=O)c2oc3ccc(S(=O)(=O)N4CCCC(C)C4)cc3c2C)cc1,0.5834934807400182,0.22202797202797203,0.9230277048877666
18,COc1ccc2nc(NC(=O)C3CCN(S(=O)(=O)c4c[nH]cn4)CC3)sc2c1,1.0,0.17566568047337278,1.0
19,Cc1cccc(NC(=O)C2CCN(S(=O)(=O)c3ccc4c(c3)OCCCO4)CC2)n1,1.0,0.2252906976744186,1.0
20,CCOC(=O)c1c(NC(=O)c2ccc(S(=O)(=O)N3CCC(C)CC3)cc2)sc2c1CCN(CC)C2,1.0,0.22087067861715748,1.0
21,CCOC(=O)C1CCN(C(=O)c2ccc3c(c2)sc2nc(-c4ccc(C)cc4)cn23)CC1,0.03325864651906919,0.2429078014184397,0.6430474008421905
22,COc1ccc(CCNC(=O)CN2C(=O)CSc3ccc(S(=O)(=O)N4CCOCC4)cc32)cc1OC,1.0,0.2162247474747475,1.0
23,COc1ccc(OC)c(S(=O)(=O)N2CCC(Oc3ccc(C(F)(F)F)cc3)CC2)c1C(=O)NO,1.0,0.22116644823066842,1.0
24,COc1ccc(NC(=O)C2CCCN(S(=O)(=O)c3cccc4nonc34)C2)cc1OC,1.0,0.21522038567493113,1.0
25,COc1cccc(OC)c1-c1ccc(CC(Nc2ccc(S(=O)(=O)N3CCCC3)cc2)C(=O)O)cc1,1.0,0.2820427236315087,0.9659812981984875
26,COc1ccc(S(=O)(=O)N2CCOCC2)cc1C(=O)Nc1ccc2c(c1)OCO2,1.0,0.23527298850574713,1.0
27,COc1ccc(NS(=O)(=O)c2ccc3c(c2)N(C(C)=O)CCO3)c(OC)c1,1.0,0.16366906474820145,1.0
28,COc1cc(CCC(=O)Nc2ccc(C)c(S(=O)(=O)N3CCCCCC3)c2)cc(OC)c1OC,1.0,0.22333333333333333,0.9877790338470771
29,Cc1cccc(NC(=O)COC(=O)CCc2ccc(S(=O)(=O)N3CCOCC3)cc2)c1C,1.0,0.24002954209748892,1.0
30,CCOCC(=O)Nc1ccc(S(=O)(=O)N2CCC(c3nc4ccccc4[nH]3)CC2)cc1,1.0,0.25439238653001467,1.0
31,O=C(CCNC(=O)C1CCN(S(=O)(=O)c2ccccc2)CC1)NCc1cccc(C(F)(F)F)c1,1.0,0.2553956834532374,1.0
32,CSCCC(NC(=O)c1cccc(S(=O)(=O)N2CCN(C(C)=O)CC2)c1)c1nc2ccccc2[nH]1,1.0,0.22040302267002518,1.0
33,O=C(NCCCN1CCOCC1)C(=O)C(Cc1ccccc1)NC(=O)C1CCN(S(=O)(=O)c2ccc3ccccc3c2)CC1,1.0,0.32286729857819907,1.0
34,O=C(O)COc1c(C(=O)O)sc(-c2cccc(NC3CCN(S(=O)(=O)Cc4ccccc4)CC3)c2)c1Cl,1.0,0.29557463672391016,0.8166844572181431
35,COc1ccc2cc(S(=O)(=O)NN(Cc3cccc(C(=N)NO)c3)C(=O)N3CCCCC3C)ccc2c1,1.0,0.2879975874547648,1.0
36,COc1ccc(CNC2CCN(C)CC2)cc1-c1ccc(S(=O)(=O)NCc2ccccc2)s1,0.15439446353010733,0.2684797768479777,0.996308829181302
37,CC(=O)N1c2ccc(S(=O)(=O)NCC3CCC(C(=O)NCc4ccc(C)o4)CC3)cc2CC1C,1.0,0.23308011049723756,1.0
38,CC(=O)N1CCN(C(=O)C(Cc2cccc(C(=N)N)c2)NS(=O)(=O)NCCc2cc3c(cc2[N+](=O)[O-])OCO3)CC1,1.0,0.220917225950783,1.0
39,O=C(O)C(Cc1ccc(-c2ccccc2)cc1)NC(=O)C1CCCN1S(=O)(=O)c1cc(Cl)cc(Cl)c1,1.0,0.2821011673151751,0.8222690056345846
40,O=C(O)CCC(=NNc1ccc(S(=O)(=O)N2CCOCC2)cc1[N+](=O)[O-])c1cccs1,1.0,0.20183175033921302,1.0
41,Cc1ccc(CCNS(=O)(=O)c2ccc3c(c2)CCN3C(=O)CCC(=O)O)cc1,1.0,0.21860986547085204,1.0
42,NC(=O)c1ccc(NC(=O)CN2CCN(S(=O)(=O)c3ccc4c(c3)OCCO4)CC2)cc1,1.0,0.26277372262773724,1.0
43,COc1ccc(Cl)cc1S(=O)(=O)N1CCOc2ccc(C(=O)Nc3ccc(C(=O)O)cc3)cc21,1.0,0.20833333333333331,1.0
44,CCC(=O)N1CCc2cc(Br)cc(S(=O)(=O)CCC(=O)Nc3ccc(CC)cc3)c21,0.8121968841874341,0.19985974754558206,0.9936246046256222
45,CCOC(=O)C(Cc1ccc(NC(=O)c2c(Cl)cncc2Cl)cc1)NC(=O)C1CC(NC2CCC2)CN1S(=O)(=O)c1cccc(C#N)c1,1.0,0.23838932806324112,0.9970644061070623
46,CC(=O)Nc1ccc(S(=O)(=O)NC(C)C(=O)OCc2ccc(Cl)cc2)cc1,1.0,0.1327433628318584,1.0
47,CCCC(=O)NC(C(=O)NCCS(N)(=O)=O)c1nc2ccc(-c3ccc(C(=O)N4CCOCC4)cc3)cc2s1,1.0,0.24637243047158405,1.0
48,CCCc1nc(SC)c(C(=O)O)n1Cc1ccc(-c2ccccc2S(=O)(=O)NC(=O)NC2CCCCC2)cc1,1.0,0.25664251207729466,0.4342585087174623
49,COc1ccc(C(=O)C2CCN(CCCCNC(=O)c3ccc(NC(=O)c4ccc(Cl)cc4)cc3)CC2)c(OC)c1,1.0,0.38623595505617975,0.23002122769309216
50,O=C(NCc1ccccc1)C(=O)NCC1OCCN1S(=O)(=O)c1ccc2c(c1)OCCO2,1.0,0.19243869209809264,1.0
51,CC(C(=O)NCCN)N1CCC(NS(=O)(=O)c2ccc3cc(Cl)ccc3c2)C1=O,1.0,0.20622286541244572,1.0
52,N=C(N)c1cccc(CC(NS(=O)(=O)c2ccc3ccccc3c2)C(=O)C(=O)O)c1,1.0,0.1804812834224599,1.0
53,CC(C)(C)c1ccc(CC(=O)N2CCC2(C)C(=O)NS(=O)(=O)c2cccc(F)c2)cc1,0.8121968841874341,0.22171787709497207,1.0
54,COc1cccc(CNC(=O)COC(=O)c2ccc(S(C)(=O)=O)c([N+](=O)[O-])c2)c1,1.0,0.16351744186046513,1.0
55,COc1ccc(NC(=O)CCNS(=O)(=O)c2ccc(C(=N)N)cc2)cc1OC,1.0,0.15416047548291234,1.0
56,CS(=O)(=O)c1cccc(NC(=O)c2cccc(S(=O)(=O)N3CCCCCC3)c2)c1,1.0,0.27714932126696834,1.0
57,O=C(NO)c1ccc2c(c1)CC(NS(=O)(=O)c1cccc(Cl)c1)CC2,1.0,0.19170579029733958,1.0
58,CCN(CC)S(=O)(=O)c1ccc(N2CCOCC2)c(NC(=O)c2ccc(O)nc2)c1,1.0,0.238013698630137,1.0
59,CCOc1cccc(-c2ccc(C3CCN(S(=O)(=O)C(C)(C)C(=O)NO)CC3)cc2C)c1,1.0,0.2992700729927007,1.0
60,COc1cccc(NS(=O)(=O)c2ccc3c(c2)CCCN3C(C)=O)c1,0.3602271407382132,0.20537124802527645,1.0
61,CCC1OCC(=O)C1NC(=O)C(CC1(C)CCCC1)NC(=O)c1cccc(S(=O)(=O)NC)c1,1.0,0.22123893805309736,1.0
62,CCC(C)C(NC(=O)c1cccc(Cn2ccnc2)c1)C(=O)NNS(=O)(=O)c1ccc(OC)cc1,1.0,0.1684177997527812,1.0
63,Cc1cc(N2CCC(N3CCCC3C)C2)ccc1NC(=O)c1ccc(C)c(S(C)(=O)=O)c1,0.12791465439328356,0.28039073806078146,0.9997527217783004
64,O=C(COC(=O)c1cnc(O)nc1O)Nc1cccc(S(=O)(=O)N2CCCCC2)c1,1.0,0.1960431654676259,1.0
65,CCNC(=N)c1ccc(C2=NOC(CC(=O)NCC(NS(=O)(=O)c3cccc(C)c3)C(=O)O)C2)cc1,1.0,0.21981627296587927,1.0
66,Cc1ccc(S(=O)(=O)NC(Cc2ccccc2)C(=O)N2CCCC2C(=O)O)cc1,1.0,0.26137980085348506,1.0
67,CC(C)(C)NC(=O)C1CC2SCCC2CN1CC(O)C(Cc1ccccc1)NC(=O)C(CS(=O)(=O)c1ccc(F)cc1)NS(C)(=O)=O,1.0,0.22237827715355804,1.0
68,CN(c1ccsc1C(=O)NC(CCCNC(=N)N)C(=O)O)S(=O)(=O)c1ccc([N+](=O)[O-])cc1,1.0,0.1864461738002594,1.0
69,O=C(NCCc1ccncc1)c1ccc(S(=O)(=O)NC2CCC2)cc1,0.9832144735285728,0.19371941272430668,1.0
70,CC(C)(C)c1ccc(-c2ccc(S(=O)(=O)N3CCCC3C(=O)NC(C#N)CC(N)=O)cc2)cc1,1.0,0.25235531628532976,1.0
71,Cc1ccc(S(=O)(=O)N2C(=O)CCC2C(=O)NCc2ccco2)cc1,1.0,0.16819571865443422,1.0
72,N#CC(Cc1ccc(-c2ccc(S(=O)(=O)N3CCC(F)(F)CC3)cc2)cc1F)NC(=O)C1NC2CCC1C2,1.0,0.27384020618556704,1.0
73,CCC(NC(=O)C1CC(S(=O)(=O)c2ccc(F)cc2Cl)CN1C(=O)C1(c2ccc(Cl)cc2)CC1)C(=O)C(=O)NC1CC1,1.0,0.20959595959595959,1.0
74,NC(=O)c1c(NC(=O)c2ccc([N+](=O)[O-])s2)sc2c1CCN(S(=O)(=O)c1ccc(Br)cc1)C2,1.0,0.13837638376383765,1.0
75,CCOC(=O)c1cc(C#N)c(N2CC(C(=O)NS(=O)(=O)Cc3ccc(F)cc3)C2)nc1C,1.0,0.15333333333333332,1.0
76,CC(OC(=O)c1cccc(S(=O)(=O)N(C)C)c1)C(=O)NCC(=O)Nc1ccc(F)c(F)c1F,1.0,0.13200782268578878,1.0
77,CC(C)NS(=O)(=O)c1ccc(NC2CCN(CC(O)=Nc3ccccc3)CC2)c([N+](=O)O)c1,1.0,0.3029197080291971,1.0
78,CCOc1ccc(NC(=O)N2CCC(NC(=O)C(Cc3ccccc3OC)NC(C)=O)CC2)cc1,1.0,0.2751031636863824,1.0
79,COc1ccc(NC(=O)CN2CCC(NC(=O)c3ccco3)CC2)c([N+](=O)[O-])c1,1.0,0.28481012658227844,1.0
80,CC(C(=O)NO)N(Cc1ccccc1[N+](=O)[O-])C(=O)NS(=O)(=O)c1ccc(Cl)cc1,1.0,0.13427109974424553,1.0
81,CCN(CC)C(=O)Nc1ccc(C(F)(F)F)cc1C(=O)NCC(=O)NC1CCCCC1CS(=O)(=O)c1ccc(SC)cc1,1.0,0.24663677130044842,0.49865238711021015
82,CC(C)C(NS(=O)(=O)c1cnccc1NC(CO)Cc1ccccc1)C(=O)N1CCC(CCF)CC1,1.0,0.2631578947368421,1.0
83,CC(C)C(NC(=O)CNC(=O)C(N)Cc1ccc(O)cc1)C(=O)NC1CCc2ccccc21,1.0,0.19504748982360925,1.0
84,CCCC1C(=O)N(C(Cc2ccc3ccccc3c2)C(=O)NC)CCN1C(=O)C(Cc1ccc(F)cc1)NC(=O)C1CCCCN1,1.0,0.29020100502512564,1.0
85,CC(C)CC(NC(=O)C1CCCN1C(=O)C(N)Cc1ccc(O)cc1)C(=O)NC(Cc1ccccc1)C(N)=O,1.0,0.22383720930232556,1.0
86,O=C(Nc1ccc(CC(NC(=O)C2CCC(=O)N2Cc2ccccc2)C(=O)O)cc1)c1cc(F)c(F)cc1F,1.0,0.2662907268170426,1.0
87,CSCCC(NC(=O)C1CCN(C(=O)C(N)Cc2ccccc2)CC1)C(=O)O,1.0,0.25393700787401574,1.0
88,NC(Cc1ccccc1)C(=O)NC1CCC(=O)N(CC(=O)Nc2cccc(Cl)c2)C1=O,1.0,0.22951977401129944,1.0
89,CCCC(NC(=O)OCc1ccccc1)C(=O)NC(CC1CCNC1=O)C(O)S(=O)(=O)O,1.0,0.1924342105263158,1.0
90,NS(=O)(=O)c1ccc(NC(=O)NC(Cc2ccccc2)C(=O)O)cc1,1.0,0.15163297045101087,1.0
91,CC1CCCCN1C(=O)C(CCCN=C(N)N)NS(=O)(=O)c1cccc2c(N(C)C)cccc12,1.0,0.2774234693877551,1.0
92,CS(=O)(=O)NC(C(=O)N1CCCC1C(=O)NCc1ccc(CN)cc1)C(c1ccccc1)c1ccccc1,1.0,0.32548899755501226,1.0
93,N=C(N)CC1CCC(NC(=O)C2CCCN2C(=O)C(Cc2ccccc2)NS(=O)(=O)Cc2ccccc2)CC1,1.0,0.25584795321637427,1.0
94,N=C(N)N1CCCC(CNC(=O)CNS(=O)(=O)c2ccc3ccccc3c2)C1,1.0,0.23559190031152646,1.0
95,CS(=O)(=O)c1ccc2c(c1)N(CCCN1CCC(C(N)=O)CC1)c1ccccc1S2,0.8205171227435214,0.3950471698113207,1.0
96,O=C(NC1CCCc2cc(CN3CCCCC3)ccc21)C(O)C(O)CS(=O)(=O)c1cccc(Cl)c1,1.0,0.2963215258855586,1.0
97,CCC(C(=O)NCc1ccco1)N(C(=O)CNS(=O)(=O)c1ccccc1)C1CCCCC1,1.0,0.2384105960264901,1.0
98,CCOc1ccccc1NC(=O)C1CCCCN1S(=O)(=O)c1ccccc1,0.3602271407382132,0.25,1.0
99,CC(=O)NC(Cc1ccc(OP(=O)(O)O)cc1)C(=O)NC1CSCCN(Cc2cccc(-c3ccccc3C#N)c2)C1=O,1.0,0.30028735632183906,1.0
100,COC(=O)C(Cc1ccc(OP(=O)(Oc2ccc(CC(NC(C)=O)C(=O)OC)cc2)C2CCCN2C(=O)C2CCCN2)cc1)NC(C)=O,1.0,0.22807459677419356,1.0
101,COc1ccc(CC(NC(=O)C(C)NC(=O)CN2CCOCC2)C(=O)NC(CC2CCCCC2)C(=O)C2(C)CO2)cc1,1.0,0.2001590668080594,1.0
102,CC(=O)NC(Cc1ccc(O)cc1)C(=O)NC1CSSCC(C(=O)O)NC(=O)C2(CCCC2)CCNC1=O,1.0,0.1896942242355606,1.0
103,N=C(N)c1ccc(CNC(=O)C(CCC2CCNCC2)NC(=O)C(CCCC2CCNCC2)NS(=O)(=O)Cc2ccccc2)cc1,1.0,0.20939086294416243,1.0
104,N#Cc1cccn1CCC(NS(=O)(=O)c1cccc2[nH]ccc12)C(=O)N1CCC(C(F)(F)F)CC1,1.0,0.2626699629171817,1.0
105,CC(C)C(=O)N1CCC(C(=O)NC(C(=O)NC(CCCCN)C(=O)OC(C)(C)C)C(C)c2c[nH]c3ccccc23)CC1,1.0,0.2150677789363921,1.0
106,CCOC(=O)c1cccc(NC(=O)N2CCC(C(NC3CCC(c4c[nH]c5ccccc45)CC3)C(N)=O)CC2)c1,1.0,0.30019059720457436,0.7500725978522391
107,O=C(NCCN1CCC(C(=O)NCC2CC2)CC1)c1ccc2ccccc2c1,0.016935081164779053,0.3358843537414966,1.0
108,CCc1ccc(S(=O)(=O)NC2c3cc(NC(=O)C4CCCN4Cc4ccc(C(F)(F)F)cc4)ccc3CCC2O)cc1,1.0,0.28002309468822173,0.4881547171677882
109,CN1CCN(C(=O)NC(Cc2cccnc2)C(=O)NC(C=CS(=O)(=O)c2ccccc2)CCc2ccccc2)CC1,1.0,0.2953767123287671,1.0
110,COc1ccc(S(=O)(=O)N(CC(C)C)CC(O)C(Cc2cccc(-c3ccccc3OC)c2)NC(=O)OC2COC3OCCC23)cc1,1.0,0.27875,0.8923403641712727
111,COc1cccc(OC)c1-c1ccc(CC(NC(=O)C2(S(=O)(=O)c3ccccc3)CCCNC2)C(=O)O)cc1,1.0,0.2910132689987937,1.0
112,CCOc1ccc(CC(NC(=O)c2cccc(N)c2Cl)C(O)C(=O)N2CCC(C)(C)C2C(=O)NCc2c(C)cccc2C)cc1,1.0,0.24949596774193547,0.843593573123273
113,CCOC(=O)C=CC(CC1CCNC1=O)NC(=O)C(Cc1ccc(F)cc1)OC(=O)C(NC(=O)c1cc(C)on1)C(C)C,1.0,0.16591816367265472,1.0
114,CC1(CC(=O)Nc2ccccc2C(=O)O)CC(c2cccc(Cl)c2)C(c2ccc(Cl)cc2)N(C(CS(=O)(=O)C(C)(C)C)C2CC2)C1=O,1.0,0.28113799283154123,0.0008020554442547897
115,COc1ccc(CCNC(=O)C(=O)C(CCCN=C(N)N)NC(=O)C2CCN3CCC(N)(Cc4ccccc4)CN23)cc1,1.0,0.2717391304347826,1.0
116,NC(=O)C(=O)C(Cc1ccccc1)NC(=O)C1CCN(C(=O)C=Cc2ccncc2)CC1,1.0,0.27213352685050796,1.0
117,CSCCC(NC(=O)C1CCCN1C(=O)C(NC(=O)C(Cc1ccc(C(F)(F)P(=O)(O)O)cc1)NC(C)=O)C(C)C)C(N)=O,1.0,0.17311608961303462,1.0
118,Cc1cnc(C(=O)NC(Cc2nc(I)n(Cc3ccccc3)c2I)C(=O)N2CCCC2C(N)=O)cn1,1.0,0.17795637198622274,1.0
119,CC(C)C(O)C(=O)N1CC(OCCCc2ccccc2)CC1C(=O)NC(CC(F)F)C(=O)NCCc1c(F)cc(C(=O)O)cc1F,1.0,0.21484375,1.0
120,CC(C)(C)OC(=O)NC(CCCNC(=N)N)C(=O)NC(Cc1c[nH]c2ccccc12)C(=O)NC(Cc1ccccc1)C(=O)N1CCCCC1,1.0,0.24260628465804066,1.0
121,COC(=O)NC(Cc1ccccc1)C(=O)NC(Cc1ccc(NS(=O)(=O)O)cc1)c1csc(C)n1,1.0,0.17514970059880242,1.0
122,COc1cccc(N(C(=O)CNC(=O)c2ccco2)C(C(=O)NC2CCCC2)c2ccco2)c1,1.0,0.2642150803461063,1.0
123,O=C(C=Cc1ccccc1)NC(COC(=O)c1cc([N+](=O)[O-])cc([N+](=O)[O-])c1)C(=O)NC1CCCCC1,1.0,0.2615914786967418,1.0
124,NC(=O)CCC(NC(=O)C(Cc1ccccc1)NC(=O)CNC(=O)CCc1ccccc1)C(=O)NC1CCCCC1,1.0,0.22468714448236632,1.0
125,CC(C)CC(NC(=O)C=Cc1ccc(OP(=O)(O)O)cc1)C(=O)N1CCCC1C(=O)NC(COCc1ccccc1)COC(N)=O,1.0,0.2451508620689655,1.0
126,CC(C)(C)Nc1cc(C(=O)NC(Cc2ccccc2)C(O)CNC2CCOCC2)cc(N2CCCCS2(=O)=O)c1,1.0,0.30960648148148145,1.0
127,CC(=O)Nc1ccc(CC(NC(=O)N2CCC(n3c(=O)[nH]c4ccccc43)CC2)C(=O)N2CCC(N3CCCCC3)CC2)cc1,1.0,0.3068438914027149,1.0
128,Cc1cc(C#N)ccc1C1=CCN(S(=O)(=O)CC2(C(=O)NO)CCN(C(=O)OCC3CCCN3)CC2)CC1,1.0,0.231990231990232,1.0
129,CCN1CCN(C(=O)NC(C(=O)NC2CN3CC(C#N)=C(C(=O)O)N3C2=O)c2ccccc2)C(=O)C1=O,1.0,0.1820250284414107,1.0
130,N=C(N)N1CCCC(NC(=O)CNC(=O)C(CCNC(=O)c2cncc(Br)c2)NC(=O)OCc2ccccc2)C1O,1.0,0.19813519813519812,1.0
131,C=CCOC(=O)N1CCN(C(=O)C(CCC(=O)O)NC(=O)c2cc(OCCO)cc(-c3ccccc3)n2)CC1,1.0,0.27911164465786314,1.0
132,CC(C)COC(=O)N1CCC(n2ncc3cc(-c4ccc(S(C)(=O)=O)cc4)ncc32)CC1,1.0,0.29044117647058826,1.0
133,CCC(C)C(NC(=O)CC(O)C(CC1CCCCC1)NC(=O)CCNC(=O)C(Cc1ccccc1)NC(=O)N1CCC(N)CC1)C(=O)NCc1cnc(C)nc1N,1.0,0.2111260053619303,1.0
134,CCOC(=O)CCSCC(=O)C(Cc1ccccc1)NC(=O)C(CC(C)C)NC(=O)N1CCOCC1,1.0,0.21139705882352944,1.0
135,CC(C)(C)OC(=O)NC(Cc1ccccc1)C(O)CNCC(O)C(Cc1ccc(CCC(=O)N2CCOCC2)cc1)NC(=O)OC(C)(C)C,1.0,0.2738990332975295,1.0
136,CCNc1cc(C(=O)NC(Cc2ccccc2)C(O)CNCc2cccc(OC)c2)c(F)c(N2CCCCS2(=O)=O)c1,1.0,0.25,1.0
137,O=C(O)CC1c2cc(F)ccc2S(=O)(=O)N1C1CCN(Cc2ccccc2)CC1,0.4820863652335795,0.3191896024464832,1.0
138,O=C(Nc1ccc(CC(NC(=O)C2(CCNC(=O)C(F)(F)F)CCCC2)C(=O)O)cc1)c1c(Cl)cccc1Cl,1.0,0.2777777777777778,0.6146576824777088
139,CC(C)C(N)C(=O)OC(CC(Cc1ccccc1)C(=O)NC1c2ccccc2CC1O)CN1CCN(Cc2cccnc2)CC1C(=O)NC(C)(C)C,1.0,0.28399122807017546,1.0
140,CCCCNC(=O)C1(N(Cc2ccccc2)C(=O)C(CC(=O)OC)NC(=O)OC(C)(C)C)CCN(Cc2ccccc2)CC1,1.0,0.2816205533596838,0.9145367326829866
141,CC(NC(=O)c1ccco1)C(=O)N1CCCN(CCCOc2ccc(-c3noc(C(C)NC(=O)OC(C)(C)C)n3)c(F)c2)CC1,1.0,0.24529964747356053,0.9846139879748635
142,Cc1cccc(C)c1OCC(=O)NC(Cc1ccccc1)C(O)CC(Cc1ccccc1)NC(=O)C(C(C)C)N1CCCOC1=O,1.0,0.26614530776992934,0.7519253641187298
143,CC(C)(C)NC(=O)C1CCCN1C(=O)C(=O)C(Cc1ccccc1)NC(=O)OCc1ccccc1,1.0,0.2275561097256858,1.0
144,CCCCOC(=O)N1CC2(CC(C(=O)NCC(NS(=O)(=O)c3c(C)cc(C)cc3C)C(=O)O)=NO2)CC1CNc1nc2ccccc2[nH]1,1.0,0.19155206286836934,1.0
145,O=C(NC(Cc1ccccc1)C(O)CN(CCN1CCOCC1)C(=O)c1ccc2nc(N3CCCC3)oc2c1)OCc1cncs1,1.0,0.29258098223615464,1.0
146,CN(C(=O)c1ccc2c(c1)nc(NC(=O)c1cccnc1)n2CCC(N)=O)C1CCCCC1,1.0,0.23550724637681159,1.0
147,O=C1N(CCCC2CCCC2)CCN1c1ccc(S(=O)(=O)Nc2ccc(CCNCC(O)c3cccnc3)cc2)cc1,1.0,0.35430463576158944,0.630476040558148
148,CCCCCOC(=O)N1CCN(C(=O)C(CCC(=O)O)NC(=O)c2cc(OCC3CCN(C)CC3)nc(-c3ccccc3)n2)CC1,1.0,0.24294670846394983,1.0
149,COc1ccc(CC(=O)NC(=N)NC(CC2CCCCC2)C(=O)NCc2ccc(-c3nnn[nH]3)cc2)cc1OC,1.0,0.22740963855421686,1.0
150,CC(C)CC(O)C(O)C(CC1CCCCC1)NC(=O)c1cc(NC(=O)CSc2ccccc2)ccc1CO,1.0,0.2878694581280788,0.756875518213399
151,CC(=O)NC(Cc1cc(F)cc(F)c1)C(O)CNC1CCOc2ccc(OC3CCCC3)cc21,0.5956142815706346,0.25165562913907286,1.0
152,O=C(CN(c1nc(Cl)nc2c1ncn2C1CCCCO1)C1CC1)NC(CCC(=O)OCc1ccccc1)C(=O)OCc1ccccc1,1.0,0.21673387096774194,0.667336955478398
153,CC(C)(C)C(=O)CN1C(=O)N(CC(=O)Nc2cccc(C(=O)O)c2)N=C(C2CCCCCC2)c2ccccc21,1.0,0.31755196304849886,0.29839907217215567
154,CCCCC(NC(Cc1ccccc1)C(=O)N1CCC(OCOC)CC1)C(=O)NC(CC1CCCCC1)C(O)CC(NC(=O)OCCN1CCOCC1)C(C)C,1.0,0.20921386306001688,0.8112531565505509
155,O=C(O)CCC(=O)NC(CC(=O)O)Cc1ccc(-c2cccc(F)c2)cc1,1.0,0.25437201907790147,1.0
156,CCC(CO)NCc1cccnc1N1CCN(C(=O)C(Cc2ccc(Cl)cc2Cl)NC(=O)CCN)CC1,1.0,0.2716010165184244,1.0
157,CC1CCN(C(=O)C(CCn2ccnc2)NS(=O)(=O)c2cc(Cl)c(N)c(Cl)c2)CC1,1.0,0.19719251336898394,1.0
158,CC(=O)NCC(=O)CN1CCN(CCc2ccc(-c3ncsc3N)cc2)CC1,1.0,0.27049180327868855,1.0
159,Cc1ccc(C)c(S(=O)(=O)N2CCN(CC(=O)NC(=O)NCc3ccco3)CC2)c1,1.0,0.21386430678466076,1.0
160,CCNC(=O)C(c1ccccc1)N1CCN(c2ccc(NC(=O)C(CC)CC)cc2C#N)CC1,0.9883637311966652,0.28061224489795916,1.0
161,O=C(COc1cccc(F)c1C(=O)N1CCCCC1)NC(CO)Cc1ccccc1,0.5382756443144261,0.26296296296296295,1.0
162,CC1(C(=O)O)CCN(c2cc(N3CCCC(C(=O)NCCc4ccc(C#N)cc4)C3)nc(C(F)(F)F)n2)CC1,1.0,0.2208480565371025,1.0
163,CCCCCCCCC(=O)N1CCCC1C(=O)NC(Cc1ccc(O)cc1)C(N)=O,1.0,0.24556868537666174,1.0
164,CCOC(=O)N1CCC(NC(=O)c2ccc(C[S+]([O-])c3cccc(Cl)c3)o2)CC1,1.0,0.24691358024691357,1.0
165,CCOC(=O)N1CCC(N(Cc2cccc([N+](=O)[O-])c2)C(=O)N(C)C)CC1,1.0,0.24539877300613497,1.0
166,CN(C)C(=O)C(=O)N(C)C1CCCn2c1nc(C(=O)NCc1ccc(F)cc1)c(O)c2=O,1.0,0.16221374045801526,1.0
167,C=C(C)C(=O)N1CCC(CN(C2Cc3cc(C#N)ccc3N(Cc3cncn3C)C2)S(=O)(=O)c2ccccn2)CC1,1.0,0.2761627906976744,1.0
168,N#Cc1cccc(C(=O)C(=O)N2CCCN(Cc3ccc(F)cc3)CC2)c1,0.03784560205141274,0.3135313531353135,1.0
169,CC(=O)NC(Cc1ccccc1)C(=O)N1CCCC1C(=O)NC(CCCn1ccnc1)B1OC2CC3CC(C3(C)C)C2(C)O1,1.0,0.20896273917421954,1.0
170,CCOC(=O)CCNC(=O)C1CC(NC(=O)c2cc(CC)nn2C)CN1C(=O)c1coc2ccccc12,1.0,0.20294117647058824,1.0
171,CCC(C)C(C(=O)NC1CCOC(c2nc(C(=O)NCCc3ccccc3)cs2)C1)N(C)C,0.8127205138008091,0.1695478723404255,1.0
172,CC(C(=O)NCc1ccc(C(F)(F)F)nc1N1CCC(NC(=O)OC(C)(C)C)C1)c1ccc(NS(C)(=O)=O)c(F)c1,1.0,0.20011273957158962,0.9910222974061202
173,C=CC1CC1(NC(=O)C1CC(Oc2ccnc3ccccc23)CN1C(=O)C(NC(=O)OC(C)(C)C)C(C)(C)C)C(=O)NCCc1ccc(C(=O)O)cc1,1.0,0.2097750865051903,0.8145494627799805
174,CSCCC(NC(=O)c1ccc(CS(=O)(=O)c2cccnc2)cc1-c1ccccc1)C(=O)O,1.0,0.25459921156373194,1.0
175,CCCN(CCc1cccc(-c2ccccc2)c1)C(=O)C1OC(C(=O)O)=CC(N)C1NC(C)=O,1.0,0.320991847826087,1.0
176,COc1ccc(OC)c(C(=O)CCC(=O)NC(Cc2ccccc2)C(=O)C(N)=O)c1,1.0,0.19393511988716503,1.0
177,CCCCC(N)C(=O)Nc1cc(C(=O)NC(Cc2c[nH]c3ccccc23)C(=O)O)ccc1N,1.0,0.20833333333333331,1.0
178,C#CCN(Cc1ccc2nc[nH]c(=O)c2c1)c1ccc(C(=O)NC(CCC(=O)O)C(=O)O)c(F)c1,1.0,0.20674300254452926,1.0
179,CCCCCCC1C(=O)NC(C(=O)NCCCn2ccnc2)Cc2ccc(cc2)OCCCC1C(=O)NO,1.0,0.23132183908045975,1.0
180,CCCCOC(=O)NC(CCC(=O)N1CCC2(CC1)CCN(c1ccncc1)C2)C(=O)O,1.0,0.27389705882352944,1.0
181,CCCCn1c(CCC(=O)O)nc2cc(S(=O)(=O)N3CCCC3)ccc21,1.0,0.2080152671755725,1.0
182,CCOCC1(O)CCN(C(=O)c2ccc(NS(=O)(=O)c3cccc4cccnc34)cc2)CC1,1.0,0.2712765957446809,1.0
183,CCC(=O)N(c1ccccc1)C1(C(=O)OC)CCN(CCn2c(=O)c3ccccc3n(CC)c2=O)CC1,1.0,0.34268929503916445,1.0
184,CC(=O)CC(c1ccccc1)c1c(SCC(NC(C)=O)C(=O)O)c2ccccc2oc1=O,1.0,0.1957459926017263,1.0
185,COCCN1CCN(C(=O)C2CCN(c3ccc(S(=O)(=O)C4(C(=O)NO)CCOCC4)cc3)CC2)CC1,1.0,0.2620442708333333,1.0
186,Cc1nc2ccccc2n1Cc1ccc(CNC(=O)C(O)C(O)C(=O)N2CCCC2c2cccnc2)s1,1.0,0.2486996098829649,1.0
187,CCCS(=O)(=O)NC(=O)C1(C)CCCN(C(=O)c2oc3ccccc3c2C)C1,1.0,0.20260492040520983,1.0
188,C=C(C)C(=O)Nc1cccc(C2=NOC3(C2)CC(C(N)=O)N(C(=O)c2ccccc2)C3)c1,1.0,0.22773279352226722,1.0
189,CC1=C(C(=O)N(C(C)C)C(C)C)CC(CC(=O)NCCc2ccccn2)C(=O)N1CCC1=CCCCC1,0.7610467429081496,0.1825028968713789,0.7326386153654462
190,CN(C)S(=O)(=O)N1CCC(CNC(=O)Nc2cc(Cl)cc(Cl)c2)(c2ccc(-c3cccnc3)cc2)CC1,1.0,0.2698511166253102,0.5961599919929207
191,C#CC1CN(C(=O)C(CC(C)C)NC(=O)c2ccc(-c3csc(N4CCN(C)CC4)n3)cc2)C2C(=O)COC12,1.0,0.24067388688327318,1.0
192,Cc1ccc(S(=O)(=O)N2CC3N(C(=O)OC(C)C)N(C(=O)OC(C)C)CC(OC(=O)Nc4c(C)noc4C)C3(O)C2)cc1,1.0,0.1575436982520699,1.0
193,NNC(=O)C(Cc1ccccc1)NC(=O)c1cc(C23CC4CC(CC(C4)C2)C3)c2ccccc2n1,1.0,0.2601600985221675,0.9994356792888619
194,O=C(NC1(C(=O)NC(Cc2ccccc2)C(=O)NCCCN2CCOCC2)CCc2ccccc21)c1cc2ccccc2s1,1.0,0.3025053304904051,0.9992475632226321
195,O=C(CN1CCC(NC(=O)Oc2ccccc2)CC1)NC1CCc2cc(F)ccc2C1Cc1cccnc1,0.8127205138008099,0.3646540027137042,0.9736722801267739
196,CCOC(=O)C(Cc1ccccc1)NC(=O)c1cnc(Oc2ccc3c(c2)CCC(c2cccnc2)O3)s1,1.0,0.2203125,0.429054896230265
197,O=C(Cn1cnc2ccccc2c1=O)NCCC(=O)N1CCC2(CC1)OCCO2,1.0,0.20833333333333331,1.0
198,CCNC(=O)Nc1sc2ccccc2c1C(=O)N1CCN(C2CCN(C(=O)CC)CC2)CC1,0.8820553233992613,0.27181440443213295,1.0
199,COc1cc(C(=O)NS(=O)(=O)c2ccccc2C)ccc1Cn1cc(CCC(=O)N2CCC(C)(C)CC2)c2ccc(C(=O)NCC3CCCC3)cc21,1.0,0.282258064516129,0.03176774998533604
